factors,regularization,time,pack_size,iterations
100,0.014397193472168973,15041.66678404808,25,100
