metric,value
precision@k,0.8969430986447443
map@k,0.8474600567455028
ndcg@k,0.8716939255472383
auc@k,0.9271682430917288
