metric,value
precision,0.8963941443179706
map,0.8479785996736018
ndcg,0.8653743904578971
auc,0.9288445610195327
