metric,value
precision@k,0.8982907797221985
map@k,0.8467403187403011
ndcg@k,0.8677635823884924
auc@k,0.9298877651041308
