metric,value
precision@k,0.8958790658653287
map@k,0.8490947346042563
ndcg@k,0.8663143340645199
auc@k,0.926671682894612
