metric,value
precision,0.5103850090537217
map,0.48160275972611283
ndcg,0.5129990398161156
auc,0.49434127230884856
