metric,value
precision@k,0.894710977107933
map@k,0.8465193279036655
ndcg@k,0.8655113799155894
auc@k,0.9263385730001016
