metric,value
precision,0.8991381922957492
map,0.8486783663901348
ndcg,0.8652563149759075
auc,0.928178148317828
