metric,value
precision@k,0.8970571763294555
map@k,0.8478899367440562
ndcg@k,0.8694314697856436
auc@k,0.926842226529283
