metric,value
precision,0.5216027013101896
map,0.5006380352572598
ndcg,0.4963573296637273
auc,0.4935442413593931
