metric,value
precision@k,0.8980655001972008
map@k,0.8474093610059452
ndcg@k,0.8668241923753247
auc@k,0.9293977258570788
