factors,regularization,time
100,0.01529905149776461,8042.908877134323
